{
  "images" : [
    {
      "resizing" : {
        "mode" : "9-part",
        "center" : {
          "mode" : "stretch",
          "width" : 1,
          "height" : 52
        },
        "cap-insets" : {
          "bottom" : 10,
          "top" : 0,
          "right" : 0,
          "left" : 0
        }
      },
      "idiom" : "universal",
      "filename" : "bottomShadow.png",
      "scale" : "1x"
    },
    {
      "resizing" : {
        "mode" : "9-part",
        "center" : {
          "mode" : "tile",
          "width" : 2,
          "height" : 104
        },
        "cap-insets" : {
          "bottom" : 40,
          "top" : 21,
          "right" : 0,
          "left" : 0
        }
      },
      "idiom" : "universal",
      "filename" : "bottomShadow@2x.png",
      "scale" : "2x"
    },
    {
      "resizing" : {
        "mode" : "9-part",
        "center" : {
          "mode" : "stretch",
          "width" : 3,
          "height" : 156
        },
        "cap-insets" : {
          "bottom" : 60,
          "top" : 84,
          "right" : 0,
          "left" : 0
        }
      },
      "idiom" : "universal",
      "filename" : "bottomShadow@3x.png",
      "scale" : "3x"
    }
  ],
  "info" : {
    "version" : 1,
    "author" : "xcode"
  }
}