{
  "images" : [
    {
      "resizing" : {
        "mode" : "3-part-horizontal",
        "center" : {
          "mode" : "stretch",
          "width" : 1
        },
        "cap-insets" : {
          "right" : 0,
          "left" : 0
        }
      },
      "idiom" : "universal",
      "filename" : "topShadow.png",
      "scale" : "1x"
    },
    {
      "resizing" : {
        "mode" : "3-part-horizontal",
        "center" : {
          "mode" : "stretch",
          "width" : 2
        },
        "cap-insets" : {
          "right" : 0,
          "left" : 0
        }
      },
      "idiom" : "universal",
      "filename" : "topShadow@2x.png",
      "scale" : "2x"
    },
    {
      "resizing" : {
        "mode" : "3-part-horizontal",
        "center" : {
          "mode" : "stretch",
          "width" : 3
        },
        "cap-insets" : {
          "right" : 0,
          "left" : 0
        }
      },
      "idiom" : "universal",
      "filename" : "topShadow@3x.png",
      "scale" : "3x"
    }
  ],
  "info" : {
    "version" : 1,
    "author" : "xcode"
  }
}